Images,wrinkles,freakles,glasses,hair color,hair top
61.jpg,0,0,0,1,3
169.jpg,0,0,0,0,2
237.jpg,0,0,0,1,2
314.jpg,0,0,0,8,0
541.jpg,0,0,0,8,0
590.jpg,0,0,0,2,1
656.jpg,0,0,0,4,2
775.jpg,0,0,1,0,2
810.jpg,0,0,0,1,3
817.jpg,1,0,0,2,2
1016.jpg,0,0,0,0,2
1023.jpg,1,0,1,2,2
1259.jpg,0,0,0,1,2
1333.jpg,0,0,0,1,2
1334.jpg,0,0,0,8,3
1566.jpg,0,0,0,0,2
1729.jpg,1,0,0,2,2
1752.jpg,0,0,0,1,2
1760.jpg,0,0,0,1,2
1914.jpg,0,0,0,8,3
2012.jpg,0,0,0,2,2
2214.jpg,0,0,1,0,1
2226.jpg,0,0,1,0,2
2379.jpg,1,0,0,0,2
2408.jpg,0,0,1,1,2
2473.jpg,0,0,0,8,0
2557.jpg,1,0,0,2,2
2581.jpg,0,0,0,1,2
2586.jpg,1,0,0,2,0
2592.JPG,1,0,0,1,3
2640.jpg,1,0,1,5,0
2675.jpg,0,0,0,3,2
2691.jpg,0,0,0,1,2
2696.jpg,0,0,0,2,2
2718.jpg,0,0,0,5,1
2848.jpg,1,0,1,2,2
2959.jpg,1,0,0,3,3
3124.jpg,0,0,0,0,2
3158.jpg,0,0,0,0,2
3233.jpg,1,0,1,0,1
3317.jpg,0,0,0,0,2
3322.jpg,0,0,0,0,2
3461.jpg,0,0,0,0,2
3466.jpg,1,0,0,1,2
3485.jpg,1,0,0,8,3
3539.jpg,1,0,1,1,2
3545.jpg,1,0,0,5,2
3683.jpg,1,0,0,8,3
3743.jpg,1,0,0,0,2
3792.jpg,1,0,0,1,3
3813.jpg,0,0,0,0,3
3814.jpg,0,0,0,8,3
3884.JPEG,1,0,1,5,3
3937.jpg,0,1,0,0,2
4154.jpg,0,0,0,1,2
4182.jpg,1,0,0,5,3
4185.jpg,0,0,0,0,3
4238.jpg,0,0,0,8,0
4243.jpg,0,0,0,1,3
4244.jpg,0,0,2,1,2
4271.jpg,0,0,0,7,2
4292.jpg,0,0,0,3,2
4295.jpg,1,0,1,4,2
4416.jpg,0,0,0,0,3
4507.jpg,0,0,0,1,3
4532.jpg,0,0,0,5,2
4622.jpg,0,0,0,1,2
4625.jpg,1,0,0,8,3
4659.jpg,1,0,0,0,2
4701.jpg,1,0,0,5,2
4748.jpg,1,0,0,0,3
4818.jpg,1,0,1,5,0
4876.jpeg,0,0,2,0,2
4947.jpg,1,0,1,5,1
4975.jpg,1,0,0,2,2
4991.jpg,1,0,0,1,2
5050.jpg,0,0,0,1,3
5190.jpg,0,0,0,4,2
5256.jpg,0,0,0,0,2
5347.jpg,0,0,0,3,3
5361.JPG,0,0,0,3,3
5372.jpg,1,0,0,8,3
5403.jpg,0,0,1,4,2
5404.jpg,0,0,0,8,3
5431.jpg,0,0,0,4,2
5478.jpg,0,0,0,3,2
5637.jpg,0,0,0,0,2
5714.jpg,0,0,0,1,2
5952.jpg,1,1,0,0,2
5983.jpg,0,0,0,8,3
6145.jpg,0,0,0,1,3
6338.jpg,0,0,0,3,2
6343.jpg,1,0,0,1,2
6498.jpg,0,0,1,3,2
6516.jpg,1,0,0,1,2
6524.jpg,0,0,0,3,2
6759.jpg,0,0,0,8,3
6788.jpg,0,0,1,1,2
6956.jpg,1,0,0,3,2
6963.jpg,1,0,0,0,3
6964.jpg,0,0,0,1,2
6987.jpg,0,0,0,1,2
7041.jpg,0,0,0,8,3
7090.jpg,0,0,0,0,0
7097.jpg,0,1,0,2,2
7162.jpg,0,0,0,3,2
7351.jpg,1,0,0,1,2
7412.jpg,0,0,0,0,0
7503.jpg,1,0,0,8,3
7578.jpg,0,0,0,8,3
7614.jpg,0,0,0,0,3
7649.JPG,0,1,0,0,3
7656.jpeg,0,0,0,8,3
7668.jpg,0,0,0,1,3
7705.jpg,0,0,0,3,3
7971.jpg,0,0,0,1,2
8010.jpg,0,0,0,1,3
8088.jpg,0,1,0,8,3
8148.jpg,0,0,1,5,1
8438.jpg,0,0,0,0,2
8529.jpg,0,0,0,1,2
8555.jpg,1,0,0,1,3
8645.jpg,0,0,1,1,3
8766.jpg,0,0,0,4,2
8920.jpg,1,0,0,5,1
9005.jpg,1,0,0,1,1
9231.jpg,0,0,0,0,3
9278.jpg,1,0,0,2,3
9464.jpg,0,0,0,8,3
9487.jpg,0,1,0,0,3
9596.jpg,0,0,0,8,3
9619.jpg,0,0,0,3,2
9650.jpg,0,0,0,0,3
9681.jpg,0,0,0,3,3
9708.jpg,0,0,0,3,2
9773.jpg,1,0,0,0,1
9816.jpg,0,0,0,1,2
9998.jpg,0,0,0,8,3
10069.jpg,0,0,0,8,3
10103.jpg,1,0,1,5,3
10213.jpg,0,0,0,8,3
10214.jpg,0,0,2,3,2
10519.jpg,0,0,0,8,3
10562.jpg,0,0,0,0,2
10565.jpg,0,0,0,1,3
10647.jpg,0,0,0,3,3
10675.jpg,1,0,0,5,3
10756.jpg,0,0,0,0,2
10922.jpg,0,0,0,8,3
11116.jpg,0,0,0,2,2
11454.jpg,1,0,0,0,2
11485.jpg,1,0,0,1,2
11629.jpg,0,0,0,2,2
11660.jpg,0,0,2,8,3
11744.jpg,0,0,0,1,0
11792.jpg,0,0,0,0,2
11905.jpg,0,0,0,8,3
12230.jpg,0,0,0,1,2
12237.jpg,0,0,0,1,2
12368.jpg,1,0,0,1,2
12419.jpg,0,0,0,0,2
12462.jpg,1,0,0,5,3
12590.jpg,1,0,1,0,3
12597.jpg,0,0,0,0,2
12651.jpg,0,0,0,1,2
12656.jpg,1,0,0,5,1
12664.jpg,0,0,0,8,3
12680.jpg,0,0,0,0,2
12687.jpg,0,0,0,0,2
12804.JPG,0,0,0,0,3
12934.jpg,1,0,0,1,2
13011.jpg,0,0,0,1,2
13135.jpg,0,0,0,1,2
13149.jpg,1,0,0,0,3
13222.jpg,0,0,0,1,3
13259.jpg,1,0,0,1,3
13301.jpg,0,0,0,1,2
13445.jpg,0,0,0,3,3
13477.jpg,0,0,0,1,2
13528.jpg,0,0,0,0,2
13585.jpg,1,0,0,8,0
13638.jpg,1,0,0,5,1
13643.jpg,0,0,0,1,2
13692.jpg,1,0,0,1,3
13837.jpg,1,0,0,1,2
13926.jpg,1,0,0,2,2
14066.jpg,0,0,0,1,2
14193.jpg,0,0,0,0,2
14252.jpg,1,0,0,1,2
14407.jpg,0,0,0,3,2
14516.jpg,1,0,0,5,1
14633.jpg,1,0,0,3,1
14648.jpg,0,0,0,0,3
14710.jpg,0,0,1,1,3
14759.jpg,0,0,0,1,2
14809.jpg,0,0,0,8,3
15073.jpg,0,0,0,1,2
15074.jpg,0,0,0,1,0
15119.jpg,1,0,0,8,0
15181.jpg,1,0,0,1,2
15247.jpg,0,0,0,1,1
15356.jpg,1,0,0,2,3
15363.jpg,0,0,0,0,2
15415.jpg,0,0,0,0,2
15469.jpg,0,0,0,0,2
15531.jpg,1,0,0,2,3
15702.jpg,0,0,0,0,0
15846.JPG,1,0,1,2,2
15883.jpg,1,0,0,2,3
16039.jpg,0,0,0,6,3
16161.jpg,0,0,0,1,2
16185.jpg,0,0,0,0,2
16329.jpg,0,0,0,0,2
16489.jpg,0,1,1,0,2
16507.jpg,0,0,0,0,0
16535.jpg,0,0,0,0,0
16733.jpg,0,0,1,1,2
16856.jpg,0,0,0,0,3
16887.jpg,0,0,0,1,2
16972.jpg,0,0,0,1,2
16975.jpg,0,0,0,8,3
16996.jpg,1,0,0,1,0
17062.jpg,1,1,1,0,2
17081.jpg,1,0,1,5,1
17086.jpg,1,0,0,1,2
17173.jpg,0,1,1,1,3
17218.jpg,1,0,0,1,2
17340.jpg,0,0,0,3,2
17375.jpg,1,0,0,1,2
17391.jpg,0,0,0,3,2
17431.jpg,0,0,0,1,2
17436.jpg,1,0,0,0,3
17679.jpg,1,0,0,1,1
17838.jpg,1,0,0,5,1
17843.jpg,0,0,0,1,2
17844.jpg,1,0,1,0,2
17929.jpg,0,0,0,1,2
17960.jpg,0,0,0,8,3
18048.jpg,0,0,0,0,2
18099.jpg,1,0,0,1,2
18125.jpg,0,0,0,8,0
18159.jpg,0,0,1,0,2
18431.jpeg,1,0,1,8,0
18682.jpg,1,0,0,8,3
18903.jpg,0,0,0,1,2
19158.JPG,0,0,0,1,3
19234.JPG,0,0,0,1,2
19248.JPG,0,0,0,1,2
19475.jpg,0,0,0,1,2
19496.jpg,0,0,0,1,3
19765.jpg,1,0,0,2,2
19800.jpg,0,0,0,1,3
19807.jpg,0,0,0,5,2
19835.jpg,0,1,0,1,2
19958.jpg,1,0,0,3,1
20190.jpg,0,0,0,1,2
20251.jpg,0,0,0,1,2
20256.jpg,0,0,0,1,1
20478.jpg,0,0,0,3,1
20512.jpg,1,0,0,1,2
20605.jpg,0,1,0,3,2
20630.jpg,0,0,0,0,2
20637.jpg,0,0,0,0,2
20768.jpg,0,1,0,3,2
20929.jpg,0,0,1,1,2
20955.jpg,1,0,0,2,3
20983.jpg,0,0,0,1,3
21045.jpg,0,0,0,1,2
21094.jpg,0,0,0,8,0
21128.jpg,0,0,0,3,3
21154.jpg,1,0,0,3,2
21352.jpg,0,0,0,1,2
21367.jpg,0,0,0,8,3
21535.jpg,0,0,0,0,2
21598.jpg,0,0,0,8,3
21863.jpg,0,0,0,1,2
21996.jpg,0,0,1,1,1
22008.jpg,1,0,1,2,1
22041.jpg,0,0,0,8,3
22162.jpg,0,0,0,3,2
22181.jpg,0,0,0,1,1
22469.jpg,0,0,0,3,2
22503.jpg,0,0,0,0,2
22504.jpg,1,0,0,0,2
22600.JPG,0,0,0,8,3
22626.jpg,1,0,1,1,2
22737.jpg,0,0,0,8,3
22829.jpg,0,0,0,0,3
22897.JPG,0,0,0,0,3
22976.jpg,0,0,0,0,2
23054.jpg,0,0,0,3,2
23082.jpg,1,0,0,5,3
23177.jpg,1,0,0,2,2
23229.jpg,0,0,0,5,3
23260.jpg,0,0,0,0,2
23338.jpg,0,0,0,0,3
23344.jpg,0,0,0,8,0
23407.jpg,0,0,1,1,2
23516.jpg,1,0,0,1,2
23601.jpg,0,0,0,1,2
23648.jpg,0,0,0,0,3
23710.jpg,0,0,0,0,2
23725.jpg,0,0,1,1,2
23759.jpg,0,0,0,3,3
23847.jpg,0,0,0,1,3
23875.jpg,1,0,0,2,2
23891.jpg,0,0,0,0,2
23918.jpg,1,0,0,1,2
24024.jpg,0,0,0,0,0
24058.jpg,1,1,1,5,3
24135.jpg,0,0,0,1,2
24210.jpg,0,0,0,0,2
24333.jpg,0,0,0,2,0
24399.jpg,0,0,0,0,2
24418.JPG,1,1,0,1,1
24445.jpg,0,0,0,3,3
24561.jpg,0,0,2,3,2
24585.jpg,0,0,0,0,2
24643.jpg,1,1,0,2,3
24676.jpg,1,0,0,5,3
25003.jpg,0,0,0,3,2
25031.jpg,0,0,0,0,2
25036.jpg,0,0,0,1,2
25112.jpg,0,0,0,1,2
25169.jpg,0,0,0,3,3
25314.jpg,0,0,0,0,2
25321.jpg,0,0,1,1,2
25326.jpg,0,0,1,2,1
25450.jpg,1,0,0,5,2
25791.jpg,0,0,0,1,3
25810.jpg,0,0,0,3,2
25825.jpg,0,0,0,5,3
25859.jpg,1,1,0,5,1
25999.jpg,0,0,0,1,2
26123.jpg,0,0,0,1,2
26201.jpg,0,0,0,1,2
26545.jpg,0,0,0,1,2
26593.jpg,1,0,0,2,2
26629.jpg,0,0,0,1,2
26738.jpg,1,0,0,1,2
26930.jpg,0,0,0,3,3
27015.jpg,0,0,0,1,2
27020.jpg,1,0,0,3,2
27131.jpg,0,0,0,8,3
27226.jpg,0,0,0,8,3
27302.jpg,0,0,0,0,0
27305.jpg,0,0,0,3,3
27474.jpg,0,0,0,1,3
27581.jpg,0,0,0,0,3
27756.jpg,0,0,0,3,2
27763.jpg,0,0,0,0,2
27806.jpg,0,0,0,8,3
27833.jpg,1,0,0,2,1
27959.jpg,0,0,0,3,2
27988.jpg,1,0,0,0,2
28270.jpg,1,1,1,0,2
28277.jpg,0,0,0,1,2
28385.jpg,0,0,2,8,3
28501.jpg,1,0,0,8,3
28506.jpg,1,0,0,1,2
28611.jpg,1,0,0,5,1
28616.jpg,1,0,0,8,3
28990.jpg,1,0,0,5,2
29051.jpg,0,0,0,1,3
29064.jpg,1,0,0,1,3
29262.jpg,0,0,0,1,3
29341.jpg,1,0,0,2,2
29430.jpg,0,0,0,1,2
29437.jpg,1,0,0,3,2
29458.JPG,0,0,0,8,3
29514.jpg,0,0,0,0,0
29568.jpg,0,0,0,1,3
29678.jpg,0,0,0,3,2
29712.jpg,1,0,0,1,2
29893.jpg,0,0,0,1,2
30009.jpg,0,0,0,4,2
30072.jpg,0,0,1,3,2
30151.jpg,0,0,0,3,3
30297.jpg,0,0,0,0,0
30357.jpg,1,0,0,4,3
30413.jpg,0,0,0,1,2
30414.jpg,0,0,0,1,2
30530.jpg,0,0,0,1,2
30627.jpg,0,0,0,0,3
30866.jpg,0,0,0,1,2
30882.jpg,0,0,0,3,2
30993.jpg,1,0,2,1,2
31067.jpg,0,0,0,4,3
31143.jpg,0,0,0,1,2
31144.jpg,0,0,0,0,1
31192.jpg,0,0,0,0,2
31195.jpg,0,0,0,0,2
31254.jpg,0,0,0,1,3
31517.jpg,0,0,0,1,2
31522.jpg,0,0,2,3,2
31525.jpg,0,0,0,1,2
31600.jpg,0,0,0,1,2
31632.jpg,0,0,0,1,3
31635.jpg,0,0,0,2,2
31649.jpg,0,0,0,3,2
31698.jpg,0,1,0,3,2
31711.jpg,0,0,0,1,2
31950.jpg,1,0,0,0,2
31981.jpg,0,0,0,8,3
32056.jpg,1,0,0,3,2
32293.jpeg,1,0,1,1,0
32346.jpg,1,0,0,0,2
32397.jpg,0,0,0,3,2
32430.jpg,1,0,0,1,2
32513.jpg,0,0,0,1,2
32568.jpg,0,0,0,1,2
32678.jpg,0,0,0,8,0
32715.jpg,0,0,0,8,3
32727.jpg,0,0,0,3,2
32839.jpg,0,0,0,1,2
32851.JPG,1,0,0,0,2
32893.jpg,1,0,0,3,0
32961.jpg,0,0,0,0,1
33044.jpg,0,0,1,0,3
33155.jpg,0,0,0,0,2
33160.jpg,0,0,0,0,2
33167.jpg,1,0,0,1,2
33270.jpg,1,0,0,1,2
33277.jpg,1,0,1,2,2
33459.jpg,1,0,1,2,2
33488.jpg,1,0,1,2,2
33506.jpg,1,0,1,2,2
33534.jpg,0,0,1,1,3
33946.jpg,0,0,0,1,2
33973.jpg,0,0,0,3,2
33974.jpg,0,0,0,0,3
33997.jpg,0,0,0,1,2
34006.jpg,1,0,0,1,0
34200.jpg,0,0,0,6,2
34298.jpg,0,0,0,3,2
34311.jpg,1,0,0,1,2
34389.jpg,1,0,0,0,2
34467.jpg,0,0,0,4,3
34484.jpg,1,0,0,2,2
34661.jpg,1,0,0,3,2
34739.jpg,0,0,0,0,2
34742.jpg,0,0,0,1,2
34745.jpg,0,0,0,0,3
34820.jpg,0,0,0,3,2
34904.jpg,0,0,0,1,3
35179.jpg,0,0,0,6,2
35227.jpg,0,1,0,0,2
35336.jpg,0,0,0,1,2
35359.jpg,0,0,1,3,2
35409.jpg,0,0,0,1,2
35440.jpg,0,0,0,3,2
35491.jpg,0,0,0,3,3
35518.jpg,0,0,0,1,2
35564.jpg,1,0,0,8,3
35646.jpg,0,0,0,8,3
35832.jpg,0,0,0,0,2
35849.jpg,0,0,0,1,2
35916.jpg,0,0,0,3,2
35923.jpg,0,0,0,0,2
36017.jpg,0,0,1,1,2
36134.jpg,0,0,1,0,2
36148.jpg,0,0,0,0,2
36199.jpg,0,0,0,2,0
36223.jpg,0,0,0,1,2
36258.jpg,1,0,0,0,2
36289.jpg,0,0,0,3,2
36332.jpg,0,0,1,1,2
36471.jpg,1,0,0,3,2
36495.jpg,1,0,0,8,3
36529.jpg,0,0,0,0,0
36639.jpg,0,0,1,1,2
36753.jpg,1,0,0,0,2
36766.jpg,0,0,0,3,2
36782.jpg,0,0,1,0,2
36803.jpg,0,0,0,0,1
36804.jpg,0,0,0,0,1
36822.JPG,0,0,0,3,3
36836.jpg,0,0,0,3,3
37079.jpg,0,0,0,3,2
37113.jpg,0,0,0,3,2
37126.jpg,0,0,0,1,2
37204.jpg,0,0,0,3,3
37231.jpg,0,0,0,0,3
37572.jpg,1,0,0,1,2
37591.jpg,1,0,0,0,2
37644.JPG,0,0,0,8,3
37650.jpg,0,1,0,3,3
37657.jpg,0,0,0,6,2
37695.JPG,0,0,0,1,2
37811.jpg,1,0,0,5,0
37889.jpg,1,0,0,1,2
37935.jpg,0,0,0,0,2
37949.jpg,1,0,0,3,3
37998.jpg,0,0,0,3,3
38028.jpg,0,0,0,1,2
38054.jpg,0,0,0,1,3
38061.jpg,0,0,0,3,2
38267.jpg,0,0,0,2,2
38400.jpg,0,0,0,0,0
38435.jpg,1,0,0,0,2
38449.jpg,1,0,0,3,2
38498.jpg,1,0,0,4,2
38613.jpeg,0,0,0,0,2
38717.jpg,0,0,0,8,3
38896.jpg,0,0,0,8,3
38918.jpg,1,1,0,1,2
38963.jpg,0,0,0,0,0
39046.jpg,0,0,1,1,2
39157.jpg,0,0,0,0,2
39162.jpg,0,0,0,8,3
39165.jpg,1,0,0,5,1
39186.jpg,0,0,2,1,1
39209.jpg,1,0,0,2,1
39240.jpg,1,0,0,5,3
39351.jpg,0,0,0,0,0
39380.jpg,1,1,0,0,2
39427.jpg,1,0,0,5,2
39730.jpg,1,0,0,8,3
39808.JPG,0,0,0,0,0
39944.jpg,0,0,2,1,2
39971.jpg,0,0,0,3,2
40113.jpg,0,0,0,1,2
40114.jpg,0,0,0,1,2
40203.jpg,0,0,0,1,2
40204.jpg,1,0,0,8,3
40320.jpg,1,0,0,1,2
40369.jpg,0,0,0,8,3
40547.jpg,0,0,0,8,3
40650.jpg,0,0,1,8,3
40708.jpg,0,0,0,1,2
40741.jpg,0,0,0,1,2
40790.jpg,0,0,0,0,0
40889.jpg,0,0,0,3,2
40900.jpg,0,0,0,0,2
40907.jpg,0,0,0,0,2
40935.jpg,0,0,0,3,2
41010.jpg,0,0,1,0,3
41022.jpg,0,0,0,1,2
41148.jpg,0,0,0,0,0
41332.jpg,0,0,0,0,2
41443.jpg,0,0,0,1,3
41525.jpeg,0,0,0,1,2
41529.jpg,0,0,0,3,3
41560.jpg,0,0,0,3,3
41637.jpeg,0,0,0,1,2
41677.jpg,0,0,0,1,2
41754.jpg,0,0,0,0,0
41782.jpg,0,0,0,1,3
41785.jpg,0,0,0,8,3
41803.jpg,0,0,0,7,2
42014.jpg,0,0,0,0,0
42068.jpg,0,0,0,0,2
42212.jpg,0,0,0,0,0
42220.jpg,0,0,0,8,3
42227.jpg,0,0,0,3,3
42303.jpg,0,0,0,3,3
42378.jpg,0,0,1,1,2
42475.jpg,0,0,0,1,2
42587.jpg,0,0,0,1,2
42641.jpg,0,0,1,3,3
42697.jpg,0,0,0,3,2
42719.jpg,0,0,0,0,3
42762.jpg,0,0,0,0,2
42807.jpg,0,0,0,0,2
43001.jpg,1,1,0,0,1
43249.jpg,0,0,0,0,0
43311.jpg,0,1,0,1,2
43324.jpg,1,1,0,1,2
43371.jpeg,0,0,0,1,2
43460.jpg,0,0,0,0,0
43592.jpg,0,0,0,3,3
43777.jpg,0,0,0,8,0
43812.jpg,0,0,0,1,2
43815.jpg,0,0,0,1,2
43931.jpg,0,0,0,1,2
43972.jpeg,0,0,0,0,3
44129.jpg,0,0,0,0,2
44155.jpg,0,0,0,1,2
44160.jpg,0,0,1,1,2
44183.jpg,0,0,0,0,3
44184.jpg,0,0,1,8,3
44277.jpg,0,0,0,0,2
44459.jpg,0,0,0,3,2
44501.jpg,0,0,0,0,3
44534.jpg,0,0,0,1,3
44548.jpg,0,0,0,1,2
44599.jpg,0,0,0,3,3
44616.jpg,0,0,0,6,2
44624.jpg,0,0,0,8,3
44819.jpg,0,0,0,5,2
44946.jpg,0,0,0,1,2
44967.JPG,0,0,1,1,2
44969.jpeg,0,0,0,0,0
44973.jpg,0,0,0,0,0
45063.jpg,0,0,0,0,0
45147.jpg,0,0,0,0,0
45250.jpg,0,0,0,0,0
45281.jpg,0,0,1,8,3
45308.jpg,0,0,0,0,3
45341.jpg,0,0,0,0,0
45373.jpg,0,0,0,0,0
45374.jpg,0,0,0,0,2
45390.jpg,0,0,0,0,0
45437.jpg,0,0,0,0,0
45715.jpg,0,0,0,4,2
45769.jpg,0,0,0,1,3
45928.jpg,0,0,0,0,0
45985.jpg,0,0,0,0,0
46029.jpg,0,0,0,0,3
46052.jpg,0,0,0,8,3
46176.jpg,0,0,0,0,2
46192.jpg,0,0,0,3,2
46285.jpg,0,0,0,1,2
46427.JPG,0,0,0,0,3
46499.jpg,0,0,0,0,2
46517.jpg,1,1,0,2,3
46544.jpeg,0,0,0,0,0
46600.jpg,0,0,0,3,3
46607.jpg,0,0,0,0,3
46635.jpg,1,0,0,0,3
46724.jpg,0,0,0,8,0
46758.jpg,1,0,0,5,3
46789.jpg,0,0,0,1,3
46808.jpg,0,0,0,1,2
46919.jpg,0,0,0,1,2
46981.jpg,0,0,0,8,3
47075.jpg,1,0,0,2,0
47091.jpg,0,0,0,1,2
47208.jpg,0,0,0,1,3
47357.jpg,0,1,0,1,3
47426.jpg,1,1,0,6,3
47579.jpg,0,0,0,8,3
47612.jpg,0,0,0,0,3
47736.jpg,0,0,0,1,3
47977.jpg,0,0,0,3,2
48132.jpg,0,0,0,8,0
48135.jpg,1,0,0,1,2
48259.jpg,0,0,1,2,2
48301.jpg,0,0,0,1,2
48582.jpg,0,0,0,1,2
48879.jpg,0,0,1,1,1
48914.jpg,1,0,1,5,2
49120.jpg,1,0,0,0,3
49313.jpg,0,0,0,1,3
49314.jpg,0,0,0,3,2
49326.jpg,1,1,0,1,2
49465.jpg,0,0,1,1,2
49481.jpg,0,0,0,1,3
49508.jpg,1,0,0,6,2
49541.jpg,0,0,0,8,3
49656.jpg,0,0,0,8,0
49747.jpg,0,0,0,3,2
49766.JPG,0,0,0,0,2
49772.jpg,0,0,0,3,2
49775.jpg,1,0,0,1,3
49804.JPG,0,0,0,1,3
49933.jpg,1,0,0,5,2
49948.jpg,0,0,0,1,2
49999.jpg,0,0,0,1,2
50020.jpg,0,0,0,1,2
50213.jpg,1,0,0,8,3
50302.jpg,0,0,0,3,2
50337.jpg,0,0,0,1,2
50490.jpg,0,0,0,3,1
50519.jpg,0,0,0,0,3
50565.jpg,0,0,0,1,2
50672.jpg,1,0,0,1,2
50751.jpg,1,0,0,3,2
50756.jpg,0,0,0,8,3
50763.jpg,0,0,0,0,0
50829.jpeg,0,0,0,0,3
50917.jpg,0,0,0,6,3
51032.jpg,1,0,1,2,1
51325.jpg,1,0,0,1,2
51359.jpg,1,0,0,6,2
51453.jpg,0,0,0,8,0
51482.jpg,0,0,0,0,0
51577.jpg,0,0,0,3,2
51655.jpg,0,0,0,3,2
51660.jpg,0,0,0,1,3
51667.jpg,0,0,0,0,2
51684.jpg,0,0,0,0,2
51738.jpg,0,0,0,1,2
51744.jpg,0,0,0,0,3
51795.jpg,0,0,0,8,3
51821.jpg,0,0,0,1,2
51902.jpg,0,0,0,3,2
51979.jpg,0,0,0,1,2
52003.jpg,1,0,0,5,1
52004.jpg,0,0,1,5,2
52230.jpg,0,0,1,3,2
52313.jpg,0,0,0,1,3
52314.jpg,0,0,0,1,2
52462.jpg,1,0,1,0,2
52546.jpg,0,0,0,0,0
52680.jpg,1,0,1,8,3
52825.jpg,0,0,0,8,3
52934.jpg,0,0,0,0,2
52948.jpg,0,0,0,8,3
53225.jpg,1,0,0,8,3
53306.jpg,1,0,0,2,1
53470.jpg,0,0,0,0,2
53643.jpg,0,0,0,0,2
53644.jpg,0,0,0,8,0
53767.jpg,0,0,0,0,3
53926.jpg,0,0,0,1,2
54053.jpg,0,0,0,1,2
54061.jpg,0,0,0,3,2
54193.jpg,0,0,0,0,2
54229.jpg,0,0,0,8,3
54255.jpg,0,0,0,1,2
54400.jpg,0,0,0,8,3
54432.jpg,0,0,0,1,2
54558.jpg,0,0,0,0,3
54699.jpg,0,1,0,3,2
54710.jpg,0,0,0,1,2
54725.jpg,0,0,0,3,2
54809.jpg,0,0,0,3,2
54872.jpg,0,0,0,8,3
54875.jpg,1,0,0,0,2
54891.jpg,0,0,0,0,2
54951.jpg,0,0,0,1,1
54980.jpg,0,0,0,0,2
55016.jpeg,0,0,0,1,1
55074.jpg,0,0,0,1,2
55247.jpg,1,0,0,8,3
55272.jpg,0,0,0,1,3
55296.jpg,0,0,0,7,2
55318.jpg,0,0,0,1,2
55415.jpg,0,0,0,1,2
55469.jpg,0,0,0,3,2
55531.jpg,0,0,0,6,2
73707.jpg,0,0,0,1,2
73862.jpg,0,0,0,3,3
73908.jpg,0,0,0,3,3
73973.jpg,0,0,0,8,3
74324.jpg,0,0,0,1,2
74429.jpg,0,0,0,0,3
74543.jpg,1,0,0,8,0
74592.jpg,0,0,0,3,2
74654.jpg,0,0,0,3,2
74661.jpg,0,0,0,1,2
74685.jpg,0,0,0,3,2
74869.jpg,0,0,0,3,2
74903.jpg,0,0,0,1,2
75021.jpg,0,0,0,1,2
75105.jpg,0,0,0,3,2
75179.jpg,0,0,0,1,1
75491.jpg,0,0,0,1,2
75496.jpg,0,0,0,0,2
75564.jpg,0,0,0,8,3
75608.jpg,0,0,0,6,2
75673.jpg,0,0,0,8,3
75750.jpg,0,0,0,1,3
75786.jpg,1,0,0,0,3
75832.jpg,1,0,0,2,2
75904.jpeg,1,0,0,1,2
76199.jpg,1,0,0,1,3
76300.jpeg,0,0,0,3,3
76438.jpg,0,0,0,8,3
76471.jpg,1,1,0,5,2
76642.jpg,0,0,0,0,2
76803.jpg,0,0,1,1,0
76878.jpg,0,0,0,1,2
76912.jpg,0,0,0,1,2
76927.jpg,0,0,1,5,1
77002.jpg,0,0,0,1,3
77126.jpg,1,0,0,5,1
77315.jpg,0,0,0,0,2
77369.jpg,0,0,0,1,2
77619.jpg,0,0,0,0,3
77708.jpg,0,0,0,1,3
77774.jpg,0,0,0,1,3
78151.JPG,0,0,0,1,2
78177.jpg,0,0,0,8,3
78194.jpg,0,0,0,8,3
78246.JPG,0,0,0,1,2
78343.jpg,0,0,0,3,3
78449.jpg,0,0,0,1,2
78498.jpg,0,0,0,1,2
78511.jpg,0,0,0,3,3
78896.jpg,0,0,0,1,2
79073.jpg,0,0,0,8,0
79090.jpg,1,0,0,5,1
79097.jpg,1,0,0,2,0
79119.jpg,0,0,0,1,2
79162.jpg,0,1,0,0,2
79209.jpg,0,0,0,2,1
79427.jpg,0,0,0,1,2
79503.jpg,0,0,0,1,2
79855.jpg,1,0,0,1,3
79938.jpg,0,0,0,5,2
79965.JPG,1,0,0,4,2
79971.jpg,0,0,0,1,2
80037.jpg,1,0,0,1,2
80320.jpg,1,0,1,2,3
80662.jpg,0,0,0,1,3
80746.jpg,0,0,0,3,2
80769.jpeg,0,0,0,1,2
80773.jpg,0,0,2,3,2
80823.jpg,1,0,1,2,2
80824.jpg,0,0,0,1,1
81279.JPG,0,0,0,1,2
81694.jpg,0,0,0,1,1
81831.jpg,0,0,0,8,3
82013.jpg,0,0,0,0,3
82014.jpg,0,0,1,8,3
82026.jpg,0,0,0,6,2
82137.jpg,0,0,0,1,2
82303.jpg,0,0,0,1,2
82331.jpg,0,0,2,0,2
82472.jpg,0,0,0,3,2
82475.jpg,0,0,0,1,2
82519.jpeg,1,0,1,1,3
82690.jpg,0,0,0,2,2
82762.jpg,1,0,0,3,2
82800.jpg,0,0,0,1,2
82807.jpg,0,0,0,1,2
82958.jpg,0,0,0,1,3
83099.jpg,1,1,1,0,1
83122.jpg,1,0,1,0,1
83159.jpg,1,0,1,1,2
83235.jpg,1,0,1,2,2
83429.jpg,0,0,0,1,1
83460.jpg,1,0,0,2,2
83538.jpg,1,0,1,5,2
83543.jpg,1,0,0,1,2
83653.jpg,0,0,0,2,2
83654.jpg,1,0,0,2,1
83666.jpg,0,0,0,3,3
83685.jpg,0,0,0,0,1
83812.jpg,0,0,0,3,2
83903.jpg,0,0,0,1,2
83936.jpg,1,0,0,2,1
84057.JPG,0,0,1,2,2
84199.jpeg,1,0,0,8,3
84294.jpg,0,0,0,1,2
84361.jpg,0,0,0,1,3
84385.jpg,1,0,1,2,2
84422.jpg,0,0,0,1,3
84548.jpg,0,0,0,0,3
84599.jpg,0,0,0,8,3
84689.jpg,0,0,0,8,3
84735.jpg,0,0,0,0,3
84819.jpg,0,1,0,0,0
84862.jpg,0,0,0,8,3
84908.jpg,0,1,0,1,1
84990.jpg,0,0,0,8,3
85257.jpg,0,0,0,0,1
85308.jpg,0,0,0,7,2
85373.jpg,0,0,0,8,3
85405.jpg,0,0,0,0,2
85411.JPG,1,0,0,2,1
85479.jpg,0,0,0,0,2
85514.jpg,0,0,2,8,3
85877.jpg,0,0,2,8,3
85953.jpg,0,0,0,0,2
86055.jpg,1,0,0,3,3
86266.jpg,0,0,0,3,2
86393.jpg,0,0,0,0,0
86401.jpg,0,0,0,1,2
86434.jpg,0,0,0,3,2
86499.jpg,0,0,0,3,2
86528.jpeg,1,0,0,5,2
86559.jpg,0,0,0,1,3
86607.jpg,0,0,0,1,2
86716.jpg,0,0,0,4,2
86723.jpg,0,0,0,0,2
86846.jpg,0,0,0,1,3
86919.jpg,0,0,0,1,2
86962.jpg,0,0,0,0,2
87047.jpg,0,0,0,0,2
87096.jpg,0,0,0,1,3
87156.jpg,0,0,0,4,2
87163.jpg,0,0,0,8,3
87164.jpg,1,1,0,2,1
87187.jpg,0,0,0,0,3
87208.jpg,0,0,0,0,2
87241.jpg,0,0,0,3,2
87290.jpg,0,0,0,0,2
87615.jpg,0,0,0,3,2
87731.jpg,0,0,0,1,2
87885.jpg,0,0,0,0,2
87977.jpg,0,0,0,0,2
87994.jpg,0,0,0,6,2
88024.jpg,0,0,0,3,2
88135.jpg,0,0,0,0,2
88149.jpg,0,0,0,0,2
88198.jpg,0,0,0,3,2
88222.jpg,0,0,0,8,3
88259.jpg,0,0,0,8,0
88445.jpg,0,0,0,1,2
88470.jpg,0,0,0,3,2
88494.jpg,0,0,0,1,2
88554.jpg,1,0,0,8,3
88585.jpg,0,0,0,1,2
88643.jpg,0,0,1,2,3
88805.jpg,0,0,1,0,2
88837.jpg,0,0,0,3,2
89078.jpg,1,0,0,1,2
89127.jpg,1,0,1,3,2
89368.jpg,0,0,0,0,2
89462.jpg,1,0,0,4,2
89590.jpg,0,0,0,1,2
89597.jpg,0,0,1,3,1
89651.jpg,0,0,0,4,2
89680.jpg,0,0,0,8,3
89694.JPG,0,0,0,0,2
89709.jpg,0,0,0,1,2
89888.jpg,0,0,0,1,1
89901.jpg,0,0,1,1,2
89999.jpg,1,0,0,3,3
90103.jpg,0,0,0,8,3
90104.jpg,0,0,0,1,2
90136.jpg,0,0,0,3,2
90213.jpg,0,0,1,8,0
90214.jpg,1,0,1,3,2
90379.jpg,0,0,0,1,3
90586.jpg,0,0,0,1,2
90751.jpg,0,0,0,3,2
90780.jpg,0,0,0,1,3
90848.jpg,0,0,1,1,2
90899.jpg,0,0,0,1,2
91049.jpg,0,0,0,0,2
91111.jpg,0,0,0,8,3
91158.jpg,0,0,0,1,2
91322.jpg,0,0,0,3,3
91428.jpg,0,0,0,1,2
91454.jpg,1,0,0,3,2
91461.jpg,0,0,1,8,0
91482.jpg,0,0,0,0,2
91539.jpg,0,0,0,0,2
91570.jpg,0,0,1,1,2
91743.jpg,1,0,0,5,2
91776.jpg,0,0,0,6,2
91792.jpg,0,0,0,3,2
91821.jpg,0,0,0,0,3
91902.jpg,0,0,2,8,3
92004.jpg,0,0,0,3,2
92240.jpeg,0,0,0,1,2
92541.jpg,0,0,0,1,1
92546.jpg,0,0,0,0,2
92590.jpg,0,0,0,3,2
92597.jpg,0,0,0,1,2
92645.JPG,0,0,0,0,0
92651.jpg,0,0,0,0,3
92687.jpg,0,0,0,3,2
92709.jpg,1,0,0,5,1
92772.jpg,0,0,0,3,2
92817.jpg,0,0,1,0,2
93132.jpg,0,0,2,1,2
93225.jpg,0,0,0,6,2
93259.jpg,0,0,0,1,2
93306.jpg,0,0,0,1,2
93334.jpg,1,0,0,2,1
93470.jpg,0,0,0,8,0
93477.jpg,0,0,0,3,2
93493.jpg,0,0,0,8,3
93553.jpg,1,0,0,1,2
93760.jpg,0,0,0,3,2
93767.jpg,0,0,0,1,2
93802.jpg,0,0,0,1,3
93805.jpg,0,0,0,0,0
93879.jpg,0,0,0,1,2
93968.jpg,0,0,0,3,2
94028.jpg,0,0,0,1,3
94061.jpg,0,0,0,1,3
94142.jpg,0,0,0,1,2
94170.jpg,0,0,0,4,2
94267.jpg,0,0,0,1,3
94400.jpg,0,0,0,1,3
94498.jpg,0,0,0,1,2
94511.jpg,0,0,0,0,2
94523.jpg,0,0,0,4,2
94524.jpg,0,0,0,4,3
94717.jpg,0,0,0,1,2
95046.jpg,0,0,1,3,2
95097.jpg,0,0,0,3,2
95186.jpg,1,0,0,5,0
95240.jpg,0,0,1,0,1
95291.jpg,1,1,1,1,1
95363.jpg,0,0,0,1,2
95364.jpg,0,0,0,1,2
95380.jpg,0,0,0,0,2
95536.jpg,0,0,0,5,2
95588.JPG,0,0,0,5,1
95702.jpg,0,0,0,1,2
95705.jpg,1,0,0,2,1
95730.jpg,1,0,0,2,1
95779.jpg,0,0,0,1,3
95855.jpg,0,0,0,8,3
95860.jpg,0,0,0,8,3
95938.jpg,0,0,0,0,2
95944.jpg,0,0,1,3,2
96039.jpg,0,0,0,3,2
96042.jpg,0,1,0,4,3
96153.jpg,0,0,0,3,2
96182.jpg,0,0,0,0,3
96244.jpg,0,0,0,3,3
96276.jpg,0,0,0,1,3
96329.jpg,0,0,0,3,2
96489.jpg,1,0,0,2,2
96610.jpg,0,1,0,0,2
96617.jpg,0,0,1,1,2
96625.jpg,0,0,0,3,2
96799.jpg,0,0,0,1,2
96818.jpg,0,0,0,1,2
96909.jpg,0,0,0,8,3
97065.jpg,0,0,0,3,2
97108.jpg,0,0,2,3,3
97263.jpg,1,0,1,3,2
97396.jpg,0,0,0,1,2
97404.jpg,0,0,0,8,0
97431.jpg,0,0,0,8,3
97569.jpg,0,0,0,0,0
97602.jpg,0,0,0,0,2
97679.jpg,0,0,0,3,2
97726.jpg,0,0,0,1,2
97876.jpg,1,0,0,5,1
97892.jpg,0,0,0,1,2
97908.JPG,0,0,0,1,2
97967.jpg,0,0,0,1,3
98006.jpg,0,0,0,1,2
98249.jpg,0,0,1,1,0
98311.jpg,0,0,0,1,2
98467.jpg,1,0,1,5,3
98576.jpg,1,0,0,5,2
98595.jpg,0,0,0,0,2
98628.jpg,1,0,1,1,2
98661.jpg,0,0,0,8,3
98682.jpg,0,0,0,0,3
98815.jpg,0,0,0,0,2
98869.jpg,0,0,0,1,3
99130.jpg,1,0,0,1,3
99303.jpg,0,0,1,1,2
99304.jpg,0,0,0,3,2
99336.jpg,0,0,0,1,2
99440.jpg,1,0,1,8,3
99472.jpg,0,0,0,0,0
99475.jpg,0,0,0,0,2
99491.jpg,0,0,1,5,1
99580.jpg,0,0,0,1,2
99757.jpg,1,0,1,2,3
99786.jpg,1,0,0,8,3
100073.jpg,0,0,0,1,2
100162.jpg,0,0,1,4,2
100364.jpg,0,0,0,1,3
100380.jpg,0,0,0,3,2
100387.jpg,0,0,0,3,2
100412.jpg,0,0,0,2,2
100427.jpg,0,0,0,3,2
100503.jpg,0,0,0,1,2
100668.jpg,0,0,0,3,2
100730.jpg,0,0,0,1,3
100829.jpg,0,1,0,1,2
100852.jpg,0,0,0,3,2
100855.jpg,0,0,0,3,2
100860.jpg,0,0,0,3,3
100883.jpg,0,0,0,0,3
100884.jpg,1,0,1,5,3
100938.jpg,0,0,0,3,3
101177.jpg,0,0,0,1,2
101260.jpg,0,0,0,0,0
101267.jpg,0,0,0,1,2
101283.jpg,1,0,0,1,0
101343.jpg,0,0,0,3,2
101392.jpg,0,0,0,0,0
101435.jpg,0,0,0,1,2
101516.jpg,0,0,0,8,3
101633.jpg,0,0,0,8,3
101722.jpg,0,0,0,1,2
101788.jpg,0,0,0,1,2
101847.jpg,0,0,0,8,3
101896.jpg,0,0,0,1,3
101956.jpg,0,0,0,1,2
101987.jpg,0,0,1,1,2
102019.jpg,0,0,0,0,2
102065.jpg,0,0,0,0,0
102081.jpg,0,0,0,0,2
102141.jpg,1,0,0,3,2
102190.jpg,0,0,0,1,2
102256.jpg,0,0,0,0,0
102287.jpg,1,0,0,1,2
102372.jpg,0,0,0,0,2
102396.jpg,0,0,0,1,2
102700.JPG,0,0,0,8,3
102713.jpg,1,0,0,1,2
102714.jpg,0,0,0,1,1
102726.jpg,1,0,0,3,2
102732.JPG,0,0,0,1,3
103077.jpg,0,0,0,4,3
103153.jpg,0,0,0,0,2
103154.jpg,1,1,0,2,1
103238.jpg,1,0,0,2,3
103244.jpg,0,0,0,1,3
103271.jpg,0,0,0,1,3
103292.jpg,1,0,0,1,3
103295.jpg,1,0,0,2,3
103329.jpg,0,0,0,0,2
103416.jpg,0,0,0,1,2
103465.jpeg,0,0,0,0,2
103507.jpg,1,0,0,3,3
103532.jpg,0,0,0,1,2
103625.jpg,0,0,0,1,1
103659.jpg,0,0,0,1,1
103701.jpg,0,0,0,1,3
103748.jpg,0,0,0,1,1
103799.jpg,1,0,0,2,2
103818.jpg,0,0,0,0,2
103864.jpg,0,0,0,1,3
103947.jpg,1,0,0,1,2
103996.jpg,0,0,0,1,2
104035.jpg,0,0,0,3,3
104124.jpg,0,0,0,3,2
104158.jpg,0,0,0,1,2
104189.jpg,0,0,0,1,2
104233.jpg,1,0,0,5,2
104248.jpg,0,0,0,1,1
104299.jpg,1,0,0,8,0
104317.jpg,0,0,1,3,2
104322.jpg,1,0,0,1,2
104454.jpg,1,0,0,8,3
104539.jpg,0,0,0,3,2
104545.jpg,0,0,0,8,0
104629.jpg,1,0,0,5,1
104652.jpg,1,0,0,2,1
104743.jpg,0,0,0,1,3
104776.jpg,0,0,0,8,0
104792.jpg,0,0,0,3,2
105012.jpg,1,0,0,3,2
105069.jpg,1,0,1,2,2
105221.jpg,0,0,0,0,3
105305.jpg,1,0,0,8,3
105408.jpg,0,0,0,1,2
105473.jpg,0,0,0,0,2
105550.jpg,0,0,0,1,2
105557.jpg,0,0,0,0,2
105562.jpg,1,0,0,5,2
105586.jpg,0,0,0,1,2
105764.jpg,0,0,0,0,2
105801.jpg,0,0,0,3,2
105988.jpg,0,0,0,3,2
106107.jpg,0,0,0,8,3
106566.jpg,0,0,0,0,3
106638.jpg,0,0,0,5,2
106671.jpg,0,0,0,1,2
106729.jpg,0,0,0,1,2
106805.jpg,1,0,1,2,1
106837.jpg,0,0,0,0,2
106914.jpg,1,1,0,1,2
106968.jpg,1,0,0,1,2
107031.jpg,0,0,0,3,3
107120.jpg,0,0,1,2,1
107326.jpg,0,0,0,1,2
107450.jpg,0,0,0,8,3
107590.jpg,1,0,0,3,2
107656.jpg,1,0,1,1,3
107663.jpg,0,0,0,3,2
107664.jpg,1,0,0,1,2
107687.jpg,0,0,0,0,2
107796.jpg,1,0,0,8,3
107822.jpg,0,0,0,0,3
107888.jpg,0,0,0,1,2
108067.jpg,1,0,1,5,1
108083.jpg,1,0,1,2,1
108144.jpeg,1,0,0,2,2
108192.jpg,0,0,0,0,2
108228.jpg,0,0,0,5,1
108254.jpg,0,0,0,1,2
108345.jpg,0,0,0,0,3
108394.jpg,1,0,0,2,1
108406.jpg,1,0,1,0,2
108559.jpg,1,0,0,5,2
108635.jpg,1,0,0,0,2
108698.jpg,0,0,1,3,2
108724.jpg,1,0,1,5,2
108841.jpg,1,0,0,8,0
108919.jpg,0,0,0,1,2
109009.jpg,0,0,0,2,2
109075.jpg,1,0,0,2,3
109156.jpg,0,0,0,1,2
109180.jpg,0,0,0,0,2
109273.jpg,0,0,0,1,2
109290.jpg,0,0,0,1,3
109319.jpg,0,0,0,1,2
109530.jpg,1,1,0,2,1
109612.jpg,0,0,0,8,3
109627.jpg,0,0,0,3,3
109703.jpg,0,0,0,1,2
109977.jpg,0,0,0,1,2
110018.jpg,0,0,0,1,2
110051.jpg,1,0,0,6,2
110080.jpg,0,0,0,2,2
110109.jpg,0,0,0,5,2
110140.jpg,0,0,0,1,2
110262.jpg,0,0,0,8,3
110265.jpg,1,0,0,5,2
110286.jpg,0,0,0,1,2
110346.jpg,0,0,0,4,2
110479.jpg,0,0,0,3,2
110521.jpg,0,0,1,2,2
110839.jpg,0,0,0,0,2
110842.jpg,0,0,0,1,2
111043.jpg,0,0,0,3,2
111044.jpg,1,0,0,3,3
111095.jpg,0,0,0,0,1
111209.jpeg,0,0,0,1,2
111215.jpeg,0,0,0,3,2
111239.jpg,0,0,0,0,2
111270.jpg,0,0,0,1,2
111340.JPG,0,0,1,1,2
111353.jpg,1,0,1,2,0
111354.jpg,1,0,0,3,2
111361.jpg,0,0,0,0,2
111385.jpg,1,0,0,0,2
111506.jpg,0,0,1,3,2
111700.jpg,0,0,0,1,2
111749.jpg,0,0,0,1,2
111798.jpg,0,0,0,3,2
111870.jpeg,0,0,0,1,2
111885.jpeg,0,0,0,3,2
111974.jpg,0,0,0,8,0
112072.jpg,1,0,0,2,2
112151.jpg,0,0,0,0,0
112156.jpg,0,0,0,1,2
112180.jpg,0,0,0,0,0
112187.jpg,0,0,0,1,2
112319.jpg,0,0,0,5,1
112413.jpg,0,0,0,0,2
112426.jpeg,1,0,0,8,3
112468.jpg,1,1,0,5,3
112615.jpg,0,0,0,0,2
112704.jpg,0,0,0,0,3
112778.jpg,0,0,0,0,2
112828.jpg,0,0,0,1,2
112939.jpg,0,0,0,8,3
112942.jpg,0,0,0,1,2
112945.jpg,0,0,0,1,2
112993.jpg,0,0,0,0,2
112994.jpg,0,0,0,3,2
113055.jpg,0,0,0,3,1
113060.jpg,0,0,0,3,2
113067.jpg,0,0,0,8,3
113138.jpg,0,0,0,0,1
113195.jpg,0,0,0,1,2
113253.jpg,0,0,0,0,2
113282.jpg,0,0,0,1,2
113525.jpg,0,0,0,1,2
113559.jpg,0,0,0,1,1
113588.jpg,0,0,0,1,2
113632.jpg,0,0,0,0,2
113649.jpg,0,0,0,5,3
113716.jpg,0,0,0,1,3
113723.jpg,0,0,0,1,3
114211.jpg,1,0,0,0,3
114258.jpg,0,0,0,1,2
114398.jpg,1,0,0,2,1
114476.jpg,0,0,0,0,2
114552.jpg,0,0,0,0,2
114567.jpg,0,0,0,1,2
114583.jpg,0,0,0,3,2
114694.jpg,1,0,0,2,2
114878.jpg,0,0,0,1,2
114920.jpg,1,0,0,2,2
115079.jpg,0,0,0,1,2
115121.jpg,1,0,1,2,3
115168.jpg,0,0,0,1,2
115418.jpg,0,0,0,1,3
115451.jpg,0,0,0,0,2
115464.jpg,0,0,0,3,2
115470.JPG,0,0,0,0,3
115540.jpg,0,0,1,1,2
115657.jpg,0,0,0,0,2
115686.jpg,1,0,0,3,2
115773.jpg,1,0,0,2,2
115811.jpg,0,0,0,0,2
115816.jpg,0,0,0,8,3
115823.jpg,0,0,0,1,0
115998.jpg,1,0,0,5,1
116048.jpg,0,0,0,0,2
116099.jpg,0,0,0,1,1
116207.jpg,0,0,0,1,2
116323.jpg,0,0,0,1,2
116358.jpg,0,1,0,0,1
116429.jpg,1,0,0,8,0
116484.jpg,1,0,0,1,1
116595.jpg,0,0,0,3,2
116653.jpg,0,0,0,1,2
116666.jpg,0,0,0,2,2
116903.jpg,0,0,0,3,2
116904.jpg,0,0,1,0,3
117026.jpg,0,0,0,1,2
117179.jpg,0,0,0,7,2
117215.jpg,0,0,0,8,3
117447.jpg,0,0,0,1,2
117491.jpg,0,0,0,5,2
117518.jpg,1,0,0,3,2
117757.jpg,0,0,0,3,2
117765.jpg,0,0,0,0,2
117781.jpg,0,0,0,3,2
117800.jpg,0,0,0,1,2
117911.jpg,0,0,0,7,2
173743.jpg,1,0,0,0,2
173776.jpg,0,0,0,1,2
173813.jpg,0,0,2,1,2
173821.jpg,0,0,0,3,2
173826.jpg,1,0,0,8,3
173979.jpg,0,0,0,4,2
174093.jpg,0,0,0,1,2
174153.jpg,0,0,0,0,2
174161.jpg,0,0,2,0,2
174166.jpg,0,0,1,0,2
174182.jpg,1,0,0,3,2
174295.jpg,0,0,0,3,3
174355.jpg,0,0,0,0,2
174384.jpg,0,0,1,1,2
174423.jpg,0,0,1,1,2
174489.jpg,0,0,0,3,2
174610.jpg,0,0,0,1,2
174617.jpg,1,0,0,5,1
174625.jpg,0,0,0,1,3
174734.jpg,0,0,0,5,3
174748.jpg,0,0,0,1,2
174799.jpg,0,0,1,1,2
174851.jpg,0,0,0,3,2
174940.jpg,0,0,0,1,2
175050.jpg,0,0,0,1,2
175081.jpg,0,0,0,1,2
175218.jpg,1,0,1,1,2
175340.jpg,0,0,0,8,3
175431.jpg,0,0,0,3,2
175679.jpg,0,0,0,1,2
175713.jpg,0,0,0,1,2
175726.jpg,0,0,0,7,2
175876.jpg,0,1,0,1,2
175895.jpg,0,0,0,1,2
176028.jpg,0,0,0,3,2
176061.jpg,0,0,0,3,2
176139.jpg,0,0,0,3,2
176193.jpg,0,0,0,3,2
176194.jpg,0,0,0,1,2
176252.jpg,0,0,1,2,2
176255.jpg,0,0,0,1,2
176283.jpg,0,0,0,1,2
176400.jpg,0,0,0,3,2
176511.jpg,0,0,0,0,1
176524.jpg,0,0,0,8,3
176633.jpg,0,0,0,8,3
176634.jpg,0,0,0,3,2
176717.jpg,0,0,0,1,3
176963.jpg,0,0,0,1,2
177046.jpg,1,0,0,2,2
177097.jpg,1,0,0,2,2
177186.jpg,0,0,0,1,2
177209.jpg,0,0,0,1,1
177240.jpg,0,0,0,3,2
177291.jpg,0,0,0,8,3
177621.jpg,0,0,0,1,2
177855.jpg,0,0,0,0,3
177867.jpg,0,0,0,3,2
177884.jpg,1,0,0,5,1
177995.jpg,0,0,0,1,2
178059.jpg,1,0,0,5,2
178101.jpg,0,0,0,3,3
178106.jpg,1,0,0,8,3
178134.jpg,0,0,0,0,2
178438.jpg,0,0,1,0,2
178444.jpg,0,0,0,1,3
178555.jpg,0,0,0,3,3
178560.jpg,0,0,0,1,2
178574.JPG,0,0,0,1,3
178584.jpg,0,0,0,0,0
178670.jpg,0,0,0,3,2
178677.jpg,1,0,0,8,0
178693.jpg,1,0,1,1,2
178753.jpg,0,0,0,8,3
178822.JPG,0,0,0,4,2
178836.jpg,0,0,0,0,3
179278.jpg,0,0,0,0,2
179315.jpg,1,0,0,1,2
179463.jpg,0,0,0,7,2
179480.jpg,0,0,0,1,3
179487.jpg,0,0,0,1,2
179493.JPG,0,0,0,3,2
179572.jpg,1,0,0,5,1
179790.jpg,0,0,0,3,2
179811.jpg,0,0,0,1,2
179824.jpg,0,0,0,1,2
179858.jpg,0,0,0,0,2
179949.jpg,0,0,0,8,3
179998.jpg,1,0,0,1,2
180097.jpg,0,0,1,5,3
180272.jpg,1,0,0,5,3
180356.jpg,0,0,1,2,3
180387.jpg,0,0,0,1,2
180415.jpg,0,0,0,3,2
180504.jpg,1,1,0,5,0
180581.jpeg,0,0,0,4,2
180613.jpg,0,0,0,1,2
180702.jpg,1,0,1,5,3
180852.jpg,1,0,0,2,1
180883.jpg,0,0,0,3,2
180884.jpg,0,0,0,1,2
181082.jpg,0,0,0,2,2
181170.jpg,0,0,0,1,2
181177.jpg,0,0,0,1,3
181208.jpeg,0,0,0,0,0
181255.jpg,0,0,0,3,2
181260.jpg,1,0,0,0,3
181267.jpg,0,0,0,0,2
181338.jpg,0,0,0,3,2
181344.jpg,0,1,0,1,2
181395.jpg,0,0,0,1,2
181432.jpg,0,0,0,0,2
181601.jpg,0,0,0,1,2
181606.jpg,0,0,0,3,2
181788.jpg,0,0,0,3,3
181891.jpg,0,0,0,0,2
181963.jpg,0,0,0,1,3
181964.jpg,0,0,0,1,2
181980.jpg,0,0,0,3,2
182065.jpg,1,0,0,2,1
182086.jpg,0,0,0,1,3
182251.jpg,0,0,0,3,3
182309.jpg,0,0,0,8,3
182340.jpg,0,0,0,3,2
182391.jpg,0,0,0,1,2
182403.jpg,0,0,0,1,3
182404.jpg,0,0,0,1,2
182436.jpg,0,0,0,8,3
182624.JPG,0,0,0,8,3
182679.jpg,0,0,0,6,2
182844.jpg,0,0,0,1,1
182895.jpg,0,0,0,6,2
182984.jpg,0,0,0,3,2
183039.jpg,0,0,0,1,2
183070.jpg,0,0,0,8,3
183128.jpg,0,0,1,1,3
183153.jpg,0,0,1,0,2
183295.jpg,0,0,0,8,3
183367.jpg,1,0,0,6,2
183411.jpg,0,0,0,1,2
183549.jpg,0,0,0,1,2
183598.jpg,0,0,0,1,2
183625.jpg,0,0,1,0,2
183706.jpg,0,0,0,0,0
183940.jpg,0,0,0,1,2
183947.jpg,0,0,0,1,2
184000.jpg,0,0,2,1,3
184007.jpg,0,0,0,8,3
184032.jpg,0,0,0,1,1
184123.jpg,0,0,0,4,2
184158.jpg,1,0,0,0,2
184189.jpg,0,0,0,0,2
184234.jpg,0,0,0,4,2
184299.jpg,0,0,0,3,2
184310.jpg,0,0,0,2,2
184325.jpg,0,0,0,0,2
184453.jpg,0,0,0,4,2
184461.jpg,0,0,2,1,2
184466.jpg,1,0,0,8,3
184482.jpg,0,0,0,1,2
184483.jpeg,0,0,0,1,2
184539.jpg,0,0,0,1,2
184542.jpg,0,0,0,0,2
184556.JPG,0,0,0,3,2
184655.jpg,0,0,0,1,3
184684.jpg,1,0,0,0,2
184744.jpg,0,0,2,0,1
184776.jpg,0,0,0,8,3
184813.jpg,0,0,0,0,0
184868.jpg,0,0,1,1,2
184979.jpg,0,0,0,1,2
185213.jpg,0,0,0,3,2
185302.jpg,1,0,0,8,0
185379.jpg,0,0,0,3,2
185474.jpg,0,0,0,8,3
185550.jpg,1,0,0,2,2
185640.jpg,0,0,0,0,2
185672.jpg,0,0,0,0,2
185718.jpg,1,0,0,0,3
185732.jpeg,0,0,0,1,1
185806.jpg,0,0,0,4,2
186149.jpg,0,0,0,7,3
186217.jpg,0,0,0,6,2
186480.JPG,0,0,0,1,2
186493.jpg,0,0,0,0,3
186561.jpg,0,0,0,6,2
186676.jpg,0,0,0,0,2
186695.jpeg,1,0,0,2,2
186752.jpg,0,0,0,1,2
186755.jpg,0,0,2,1,2
186767.jpg,0,0,0,6,2
186783.jpg,0,0,0,0,0
187112.jpg,0,0,0,3,2
187115.jpg,1,0,0,2,1
187368.jpg,1,0,0,1,1
187457.jpg,0,0,0,8,3
187486.jpg,0,0,0,0,2
187597.jpg,0,0,0,3,2
187680.jpg,0,0,0,1,3
187709.jpg,0,0,0,6,2
187859.jpg,0,0,0,3,3
187888.jpg,0,0,0,1,2
187901.jpg,0,0,0,5,3
187906.jpg,0,0,0,5,2
187934.jpg,0,0,0,4,2
188060.jpg,0,0,0,1,2
188067.jpg,0,0,0,6,2
188282.jpg,1,0,0,8,3
188342.jpg,0,0,0,3,2
188363.JPG,0,0,0,7,2
188387.JPG,0,0,0,3,3
188525.jpg,0,1,0,0,2
188531.JPG,0,0,0,0,2
188559.jpg,0,0,0,0,3
188632.jpg,0,0,0,1,2
188649.jpg,0,0,0,7,2
188698.jpg,0,0,0,1,2
188711.jpg,1,0,0,2,2
188716.jpg,0,0,0,8,3
188723.jpg,0,0,0,0,0
188874.jpg,1,0,0,1,2
188897.jpg,0,0,0,1,2
188957.jpg,0,0,0,0,2
188986.jpg,0,0,0,1,2
189072.jpg,0,0,0,8,3
189156.jpg,0,0,0,3,2
189163.jpg,0,0,0,6,2
189180.jpg,0,0,0,6,2
189187.jpg,0,0,0,7,2
189274.jpg,1,0,0,1,2
189365.jpg,0,0,0,3,2
189468.jpg,1,0,0,1,2
189502.jpg,0,0,0,3,2
189537.jpg,0,0,0,1,2
189615.jpg,0,0,0,3,2
189627.jpg,1,0,0,1,2
189945.jpg,0,0,0,7,2
190056.jpg,1,0,0,8,3
190087.jpg,1,0,0,3,2
190219.jpg,0,0,1,0,2
190308.jpg,1,0,0,1,2
190341.jpg,0,0,0,7,2
190437.jpg,1,0,0,3,2
190631.jpg,0,0,0,6,2
190720.jpg,1,0,0,0,2
190769.jpg,0,0,0,1,2
190845.jpg,0,0,0,3,3
190894.jpg,0,0,0,1,2
190961.jpg,0,1,0,1,3
190985.jpg,0,0,1,2,0
191038.jpg,0,0,0,3,2
191043.jpg,0,0,0,8,3
191044.jpg,0,0,0,8,3
191071.jpg,0,0,0,6,2
191092.jpg,0,0,0,0,2
191095.jpg,0,0,0,1,2
191129.jpg,0,0,0,1,2
191160.jpg,0,0,0,1,3
191353.jpg,0,0,0,3,2
191354.jpg,1,0,1,1,3
191382.jpg,0,0,0,1,2
191459.jpg,0,0,0,1,2
191488.jpg,0,0,0,1,2
191616.jpg,0,0,2,7,2
191625.jpeg,1,0,0,1,2
192075.jpg,0,0,1,1,0
192180.jpg,0,0,0,1,2
192290.jpg,0,0,0,8,3
192319.jpg,0,0,0,8,3
192468.jpg,0,0,0,1,2
192530.jpg,0,0,0,1,3
192537.jpg,0,0,0,1,3
192644.jpeg,0,0,0,1,2
192703.jpg,0,0,0,2,2
193060.jpg,1,0,0,2,2
193067.jpg,0,0,0,1,2
193138.jpg,1,0,1,1,0
193254.jpg,0,0,0,3,2
193370.jpg,0,0,0,1,2
193635.jpg,1,0,0,3,2
193711.jpg,1,0,0,5,2
193716.jpg,0,0,0,0,2
193724.jpg,0,0,0,3,2
193808.jpg,0,0,0,0,0
193919.jpg,0,1,0,1,3
194088.jpg,0,1,0,1,2
194101.jpg,1,0,0,1,0
194133.jpg,0,0,0,1,2
194148.jpg,1,0,0,1,2
194216.jpg,0,0,0,3,2
194223.jpg,1,0,0,0,2
194471.jpg,0,0,0,0,0
194677.jpg,1,0,0,0,2
194766.jpg,0,0,0,1,3
194803.jpg,1,0,0,1,2
194912.jpg,1,0,0,2,1
194927.jpg,0,0,0,1,2
195126.jpg,0,0,0,0,3
195312.jpg,1,0,0,3,2
195320.jpg,1,0,0,3,2
195487.jpg,0,0,0,0,3
195547.jpg,0,0,0,1,2
195582.JPG,0,0,0,1,2
195596.jpg,0,0,0,1,2
195619.jpg,0,0,0,3,2
195650.jpg,0,0,0,1,3
195681.jpg,0,1,0,4,2
195741.jpg,0,0,0,0,0
195773.jpg,1,0,0,8,3
195774.jpg,0,0,0,0,3
196048.jpg,0,0,1,4,2
196117.jpg,0,0,0,0,3
196200.jpg,0,0,0,1,2
196207.jpg,0,0,0,8,3
196235.jpg,0,0,0,1,2
196452.jpg,0,0,0,0,2
196483.jpg,0,0,0,3,2
196543.jpg,0,1,0,0,2
196661.jpg,0,0,0,1,3
196685.jpg,0,0,0,1,3
196820.jpg,0,0,0,0,0
197014.jpg,0,0,0,1,3
197049.JPG,0,0,0,1,2
197105.jpg,0,0,0,3,2
197447.jpg,0,0,0,3,3
197491.jpg,0,0,0,1,2
197518.jpg,0,0,0,1,2
197781.jpg,1,0,1,2,2
197832.jpg,0,0,0,3,2
197835.jpg,0,0,0,0,2
197916.jpg,0,0,0,1,2
198153.jpg,0,0,0,0,2
198154.jpg,0,0,0,0,2
198182.jpg,0,0,0,3,2
198244.jpg,1,0,0,2,1
198271.jpg,0,0,0,1,2
198295.jpg,0,0,0,1,2
198416.jpg,0,0,0,0,2
198507.jpg,0,0,0,1,2
198532.jpg,0,0,0,1,2
198588.jpeg,0,0,0,0,2
198610.jpg,0,0,0,3,2
198625.jpg,0,0,0,0,2
198659.jpg,0,0,0,1,3
198688.jpg,0,0,0,1,2
198748.jpg,0,0,0,3,2
198864.jpg,0,1,0,0,3
198940.jpg,0,0,0,7,2
198975.jpg,0,0,0,6,2
199081.jpg,0,0,0,3,2
199108.jpg,0,0,0,3,3
199141.jpg,0,0,0,1,2
199372.jpg,0,0,0,0,3
199375.jpg,0,0,0,0,3
199404.jpg,0,0,0,1,2
199431.jpg,1,1,0,8,0
199520.jpg,1,0,0,8,3
199569.jpg,0,0,0,1,2
199637.jpg,0,0,0,1,2
273819.jpg,1,0,0,2,2
273997.jpg,0,0,0,0,3
274628.jpg,0,0,0,1,3
274654.jpg,1,0,0,3,2
274770.jpg,1,0,0,1,2
274777.jpg,1,0,1,3,2
274815.jpg,0,0,0,3,3
274820.jpg,1,0,1,1,2
274978.jpg,0,0,0,0,2
275105.jpg,1,0,1,1,2
275303.jpg,0,0,0,1,2
275409.jpg,0,0,0,1,2
275475.jpg,0,0,0,3,2
275551.jpg,1,0,1,5,3
275580.jpg,0,0,0,1,2
275587.jpg,0,0,0,1,2
275697.jpg,0,0,0,0,2
275762.jpg,0,0,0,1,2
275924.jpg,0,0,0,0,2
276022.jpg,0,0,0,1,2
276059.jpg,0,0,0,2,2
276088.jpg,0,0,1,0,2
276199.jpg,0,0,0,1,2
276216.jpg,0,0,0,1,2
276332.jpg,0,0,0,6,2
276335.jpg,0,0,0,3,2
276443.jpg,0,0,0,1,2
276444.jpg,1,0,1,2,2
276529.jpg,0,0,0,1,2
276753.jpg,0,0,0,2,2
276754.jpg,1,0,0,3,2
276766.jpg,0,0,0,3,2
276785.jpg,0,0,0,3,2
276906.JPG,0,0,0,1,2
277100.jpeg,0,0,0,1,2
277113.jpg,0,0,0,1,3
277114.jpg,0,0,0,1,3
277126.jpg,1,0,0,1,3
277157.jpeg,1,0,0,1,2
277204.jpg,1,0,0,3,2
277278.jpg,1,0,0,3,2
277572.jpg,0,0,0,3,2
277596.jpg,0,0,0,1,2
277619.jpg,0,0,0,0,3
277662.jpg,0,0,0,1,2
277665.jpg,0,0,0,1,2
277790.jpg,0,0,0,0,3
277935.jpg,1,0,1,1,2
278061.jpg,0,0,0,1,2
278066.jpg,0,0,0,0,2
278072.JPG,0,0,0,3,2
278139.jpg,0,0,0,1,2
278145.jpg,0,0,1,1,2
278194.jpg,0,0,0,3,2
278229.jpg,0,0,0,3,2
278283.jpg,0,0,1,1,2
278376.jpg,0,0,0,1,2
278398.jpeg,1,0,0,0,2
278400.jpg,0,0,0,1,2
278435.jpg,0,0,0,0,0
278633.jpg,0,0,1,2,2
278710.jpg,0,0,0,0,2
278717.jpg,0,0,1,0,2
278722.jpg,1,0,0,3,2
278847.jpg,0,0,0,8,3
278875.jpg,0,0,0,0,2
279008.jpg,0,0,0,1,2
279150.jpg,0,0,0,0,2
279157.jpg,0,0,0,7,2
279162.jpg,0,0,0,1,3
279531.jpg,1,0,0,8,0
279614.jpg,0,0,0,1,2
279626.jpg,0,0,0,3,2
279860.jpg,0,0,0,3,2
279944.jpg,0,0,0,7,2
280079.jpg,0,0,0,0,2
280114.jpg,0,0,0,1,2
280121.jpg,0,0,0,5,2
280203.jpg,0,0,0,6,2
280231.jpg,0,0,0,0,0
280236.jpg,0,0,0,1,2
280312.jpg,1,0,0,1,2
280369.jpg,1,0,0,5,2
280418.jpg,1,1,0,7,2
280540.jpg,0,0,0,1,2
280585.JPG,0,0,0,3,2
280591.jpg,0,0,0,3,2
280596.jpg,0,0,0,1,2
280650.jpg,1,0,0,2,2
280657.jpg,0,0,1,1,3
280686.jpg,0,0,0,8,3
280816.jpg,0,0,0,6,2
280907.jpg,0,0,0,1,2
280921.JPG,0,0,0,1,2
281010.jpg,0,0,0,0,2
281017.jpg,1,1,0,3,2
281022.jpg,0,0,0,1,2
281133.jpg,0,0,0,6,2
281148.jpg,0,0,0,3,2
281199.jpg,0,0,0,1,2
281224.jpg,0,0,0,1,2
281307.jpg,0,0,0,3,2
281443.jpg,0,0,0,1,2
281462.JPG,1,0,0,8,3
281476.jpg,0,0,0,1,2
281486.JPG,0,0,0,0,2
281552.jpg,1,0,0,0,2
281639.jpg,0,0,0,0,3
281645.jpg,0,0,0,1,2
281803.jpg,0,0,0,3,2
281804.jpg,0,0,0,1,2
281831.jpg,1,0,0,2,2
281878.jpg,0,0,0,0,2
282105.jpg,0,0,0,8,3
282215.jpg,1,0,0,0,0
282220.jpg,0,0,0,0,2
282556.jpg,1,0,0,1,2
282608.jpg,0,0,0,0,2
282641.jpg,1,0,0,0,0
282674.jpg,1,0,0,3,2
282690.jpg,1,0,1,2,2
282781.jpg,1,0,1,2,0
282974.jpeg,0,0,0,0,2
283001.jpg,0,0,0,1,2
283020.JPG,0,0,0,1,3
283034.jpg,0,0,0,1,2
283110.jpg,1,0,0,1,3
283188.jpg,0,0,0,3,2
283207.jpg,1,0,1,3,2
283316.jpg,0,0,0,0,2
283429.jpg,0,0,0,1,3
283519.JPG,0,0,1,2,2
283742.jpg,1,0,0,0,2
283827.jpg,0,0,0,0,2
283903.jpg,1,0,0,5,2
284167.jpg,0,0,0,1,2
284183.jpg,1,0,0,8,3
284270.jpg,1,0,0,1,2
284277.jpg,0,0,0,8,3
284286.jpeg,1,0,0,2,1
284328.jpg,1,0,0,3,2
284354.jpg,1,0,0,5,2
284422.jpg,0,0,0,1,2
284488.jpg,0,0,0,3,2
284501.jpg,0,0,0,0,2
284527.JPG,1,0,1,0,2
284616.jpg,0,0,0,0,2
284624.jpg,0,0,0,1,2
284630.JPG,0,1,0,8,3
284735.jpg,0,0,0,1,2
284798.jpg,0,0,0,3,2
284819.jpg,0,0,0,3,2
284850.jpg,0,0,0,0,2
284881.jpg,0,0,0,1,2
284973.jpg,0,0,0,8,3
285051.jpg,0,0,0,1,2
285064.jpg,0,0,0,8,3
285087.jpg,1,0,0,1,2
285219.jpg,1,0,0,2,2
285373.jpg,0,0,0,1,2
285430.jpg,1,0,0,5,3
285514.jpg,1,0,0,1,2
285720.jpg,0,0,0,3,2
285727.jpg,0,0,0,3,2
285842.jpg,0,0,0,3,2
286138.jpg,1,0,0,7,2
286143.jpg,0,0,1,1,2
286144.jpg,0,0,1,1,2
286195.jpg,0,0,0,0,2
286253.jpg,0,0,0,7,2
286254.jpg,0,0,0,0,2
286266.jpg,0,0,0,1,2
286269.jpeg,1,0,0,5,2
286282.jpg,0,0,0,6,2
286377.jpg,0,0,0,0,2
286401.jpg,0,0,0,0,3
286448.jpg,0,0,0,8,0
286588.jpg,0,0,0,3,2
286716.jpg,0,0,0,1,2
286808.jpg,0,0,0,1,2
286943.JPG,0,0,0,0,2
286957.jpg,0,0,0,3,2
286986.jpg,0,0,0,8,3
287047.jpg,0,0,0,1,2
287096.jpg,1,0,0,2,2
287208.jpg,0,0,0,0,2
287350.jpg,0,0,0,1,2
287362.jpg,1,0,1,2,0
287365.jpg,0,0,1,1,0
287414.jpg,0,0,0,1,3
287620.jpg,0,0,0,1,2
287704.jpg,1,0,0,5,2
287731.jpg,0,0,0,1,2
287778.jpg,0,0,0,0,3
287939.jpg,0,0,0,3,2
288058.jpg,0,0,0,0,3
288100.jpg,0,0,0,6,2
288107.jpg,0,0,0,0,2
288217.jpg,0,0,1,1,2
288333.jpg,0,0,1,0,3
288643.jpg,0,0,0,7,3
288692.jpg,0,0,0,3,3
288733.jpeg,0,0,0,0,2
288752.jpg,1,0,0,5,2
289031.jpg,0,0,0,0,2
289169.jpg,0,0,0,7,2
289450.jpg,0,1,0,1,3
289457.jpg,0,0,0,3,2
289476.JPG,0,0,0,1,2
289481.jpg,0,0,0,0,2
289495.JPG,0,0,0,8,0
289747.jpg,0,0,0,1,2
289775.jpg,1,1,0,1,2
289791.jpg,0,0,0,7,3
289796.jpg,0,0,0,1,3
289822.jpg,0,0,0,1,3
289825.jpg,1,0,0,8,3
290249.JPG,0,0,0,3,2
290268.jpg,0,0,0,1,2
290298.JPG,0,0,0,1,2
290302.jpg,0,0,0,3,2
290305.jpg,0,0,0,0,2
290473.jpg,0,0,0,1,3
290497.jpg,0,0,0,1,2
290586.jpg,0,0,0,1,2
290691.jpg,0,0,1,1,2
290718.jpg,0,0,0,1,2
290988.jpg,0,0,0,3,2
291000.jpg,1,0,0,2,2
291123.jpg,0,0,0,0,2
291124.jpg,0,0,0,0,2
291206.jpg,1,0,0,0,1
291233.jpg,0,0,0,1,2
291461.jpg,1,0,0,8,3
291570.jpg,0,0,0,8,3
291813.jpg,0,0,0,1,2
291937.jpg,0,0,0,1,3
292036.jpg,0,0,1,6,2
292169.jpg,0,0,0,8,3
292202.jpg,0,0,0,1,2
292279.jpg,0,0,0,1,2
292326.jpg,0,0,0,3,2
292450.jpg,0,1,0,1,2
292574.jpg,0,0,0,1,2
292618.jpg,0,0,0,0,3
292663.jpg,0,0,0,1,3
292791.jpg,0,0,0,1,2
292822.jpg,0,0,1,1,3
293023.jpg,0,0,1,1,2
293058.jpg,0,0,0,0,2
293100.jpg,0,0,0,3,2
293107.jpg,0,0,0,3,2
293210.jpg,1,0,0,0,3
293493.jpg,0,0,0,1,3
293553.jpg,0,0,0,0,2
293671.jpg,1,0,1,5,0
293676.jpg,0,0,0,0,2
293830.jpg,0,0,0,1,2
293968.jpg,0,0,0,0,0
294028.jpg,1,0,0,0,2
294061.jpg,0,0,0,0,2
294082.jpg,1,0,0,3,2
294343.jpg,0,0,0,0,2
294392.jpg,0,0,0,3,2
294400.jpg,0,0,0,1,2
294432.jpg,0,0,0,3,3
294435.jpg,0,0,0,1,2
294449.jpg,0,0,0,3,2
294511.jpg,0,0,0,3,2
294558.jpg,0,0,0,1,3
294589.jpg,0,0,0,1,2
294606.jpg,0,0,0,3,2
294872.jpg,0,0,0,0,0
294896.jpg,0,1,0,3,3
294963.jpg,0,0,0,3,2
295046.jpg,0,0,0,0,3
295162.jpg,0,0,0,7,0
295165.jpg,0,0,0,0,2
295186.jpg,0,0,0,3,2
295318.jpg,0,0,0,2,0
295351.jpg,0,0,0,3,2
295380.jpg,0,0,0,1,2
295427.jpg,0,0,0,3,2
295503.jpg,0,0,0,3,2
295504.jpg,0,0,0,1,2
295536.jpg,0,0,0,0,2
295613.jpg,0,0,0,1,2
295614.jpg,0,0,0,1,3
295621.jpg,1,0,0,1,2
295730.jpg,0,0,0,0,2
295855.jpg,0,0,0,3,2
295944.jpg,0,0,2,0,2
295995.jpg,0,0,0,3,2
296077.jpg,0,0,0,1,2
296093.jpg,0,0,0,3,2
296128.jpg,0,0,0,3,3
296153.jpg,0,0,0,6,2
296238.jpg,1,0,0,8,3
296244.jpg,1,0,0,2,2
296295.jpg,0,0,0,3,2
296355.jpg,0,0,0,0,2
296411.jpg,1,0,0,5,2
296416.jpg,1,0,0,1,0
296659.jpg,0,0,1,1,2
296688.jpg,1,0,0,0,3
296818.jpg,0,0,0,1,2
296863.jpg,0,0,0,3,2
296864.jpg,0,1,1,0,2
296940.jpg,0,0,0,8,3
297065.jpg,0,0,0,8,3
297141.jpg,1,1,1,2,0
297146.jpg,0,0,0,8,3
297174.jpg,0,0,0,0,3
297251.jpg,0,0,0,3,3
297280.jpg,1,1,0,5,2
297404.jpg,0,0,0,1,2
297520.jpg,0,0,0,7,2
